{"cameraMode":{"drawMode":0,"name":"Shaded","section":"Shading Mode"},"sceneLighting":false,"audioPlay":false,"sceneViewState":{"showFog":true,"showMaterialUpdate":false,"showSkybox":false,"showFlares":true,"showImageEffects":true,"showParticleSystems":true,"showVisualEffectGraphs":true,"m_FxEnabled":true},"in2DMode":false,"pivot":{"x":-0.4406828284263611,"y":0.5503469705581665,"z":-0.29917749762535097},"rotation":{"x":-0.1437385231256485,"y":-0.14433109760284425,"z":0.021192390471696855,"w":-0.9787964820861816},"size":0.5827177166938782,"orthographic":false}