{"cameraMode":{"drawMode":0,"name":"Shaded","section":"Shading Mode"},"sceneLighting":true,"audioPlay":false,"sceneViewState":{"showFog":true,"showMaterialUpdate":false,"showSkybox":true,"showFlares":true,"showImageEffects":true,"showParticleSystems":true,"showVisualEffectGraphs":true,"m_FxEnabled":true},"in2DMode":false,"pivot":{"x":-1.8642773628234864,"y":1.6301708221435547,"z":-35.571754455566409},"rotation":{"x":-0.19881458580493928,"y":0.1571158617734909,"z":-0.03230332210659981,"w":-0.9668228030204773},"size":2.0827176570892336,"orthographic":false}